{
  "project_info": {
    "project_number": "508922525894",
    "firebase_url": "https://counsellor-consultations-default-rtdb.asia-southeast1.firebasedatabase.app",
    "project_id": "counsellor-consultations",
    "storage_bucket": "counsellor-consultations.appspot.com"
  },
  "client": [
    {
      "client_info": {
        "mobilesdk_app_id": "1:508922525894:android:e3156ce14fcdfc0a883fc7",
        "android_client_info": {
          "package_name": "com.example.counsellorconsultations"
        }
      },
      "oauth_client": [
        {
          "client_id": "508922525894-js4bj2tqv5h2c5l9l8r8sgg66nsffa7e.apps.googleusercontent.com",
          "client_type": 1,
          "android_info": {
            "package_name": "com.example.counsellorconsultations",
            "certificate_hash": "344b3b3b366e6ed7d188aaf500a009fd5a79af7f"
          }
        },
        {
          "client_id": "508922525894-7mhakqetksulkc173iv2ikm6thbpt0rt.apps.googleusercontent.com",
          "client_type": 3
        }
      ],
      "api_key": [
        {
          "current_key": "AIzaSyDstJO9tDwBN3gELOSLEcKR1oXHVfi4_HY"
        }
      ],
      "services": {
        "appinvite_service": {
          "other_platform_oauth_client": [
            {
              "client_id": "508922525894-7mhakqetksulkc173iv2ikm6thbpt0rt.apps.googleusercontent.com",
              "client_type": 3
            }
          ]
        }
      }
    }
  ],
  "configuration_version": "1"
}